[
   {
      "name":"theme_info",
      "theme_name":"Fashe",
      "theme_author":"Colorlib",
      "theme_version":"1.0.0",
      "theme_documentation_url":"https:\/\/help.shopify.com\/manual\/using-themes\/sections",
      "theme_support_url":"https:\/\/support.shopify.com\/"
   },
   {
      "name":"Typography",
      "settings":[
         {
            "type":"header",
            "content":"Base styles"
         },
         {
            "type":"select",
            "id":"type_base_family",
            "label":"Font",
            "options":[
               {
                  "value":"'Avant Garde', Avantgarde, 'Century Gothic', CenturyGothic, 'AppleGothic', sans-serif",
                  "label":"Avant Garde",
                  "group":"Sans-serif"
               },
               {
                  "value":"'Gill Sans', 'Gill Sans MT', Calibri, sans-serif",
                  "label":"Gill Sans",
                  "group":"Sans-serif"
               },
               {
                  "value":"'HelveticaNeue', 'Helvetica Neue', Helvetica, Arial, sans-serif",
                  "label":"Helvetica Neue",
                  "group":"Sans-serif"
               },
               {
                  "value":"Arial, 'Helvetica Neue', Helvetica, sans-serif",
                  "label":"Arial",
                  "group":"Sans-serif"
               },
               {
                  "value":"Candara, Calibri, Segoe, 'Segoe UI', Optima, Arial, sans-serif",
                  "label":"Candara",
                  "group":"Sans-serif"
               },
               {
                  "value":"Geneva, Tahoma, Verdana, sans-serif",
                  "label":"Geneva",
                  "group":"Sans-serif"
               },
               {
                  "value":"Google_Droid+Sans_400,400i,700_sans",
                  "label":"Droid Sans",
                  "group":"Sans-serif | Google Web Fonts"
               },
               {
                  "value":"Google_Lato_300,400,700,900_sans",
                  "label":"Lato",
                  "group":"Sans-serif | Google Web Fonts"
               },
               {
                  "value":"Google_Montserrat_400,400i,500,500i,700,700i,900,900i_sans",
                  "label":"Montserrat",
                  "group":"Sans-serif | Google Web Fonts"
               },
               {
                  "value":"Google_Open+Sans_300,300i,400,400i,700,700i_sans",
                  "label":"Open Sans",
                  "group":"Sans-serif | Google Web Fonts"
               },
               {
                  "value":"Google_PT+Sans_400,400i,700_sans",
                  "label":"PT Sans",
                  "group":"Sans-serif | Google Web Fonts"
               },
               {
                  "value":"Google_Poppins_300,400,500,600,700,800_sans",
                  "label":"Poppins",
                  "group":"Sans-serif | Google Web Fonts"
               },
               {
                  "value":"Google_Raleway_300,400,500,600,700,800_sans",
                  "label":"Raleway",
                  "group":"Sans-serif | Google Web Fonts"
               },
               {
                  "value":"Google_Roboto_100,100i,300,300i,400,400i,500,500i,700,700i,900,900i_sans",
                  "label":"Roboto",
                  "group":"Sans-serif | Google Web Fonts"
               },
               {
                  "value":"Google_Rubik_300,400,500,700,900_sans",
                  "label":"Rubik",
                  "group":"Sans-serif | Google Web Fonts"
               },
               {
                  "value":"Google_Ubuntu_400,400i,500,600,700,800_sans",
                  "label":"Ubuntu",
                  "group":"Sans-serif | Google Web Fonts"
               },
               {
                  "value":"Google_Karla_400,700_sans",
                  "label":"Karla",
                  "group":"Sans-serif | Google Web Fonts"
               },
               {
                  "value":"'Big Caslon', 'Book Antiqua', 'Palatino Linotype', Georgia, serif",
                  "label":"Big Calson",
                  "group":"Serif"
               },
               {
                  "value":"'Calisto MT', 'Bookman Old Style', Bookman, 'Goudy Old Style', Garamond, 'Hoefler Text', 'Bitstream Charter', Georgia, serif",
                  "label":"Calisto MT",
                  "group":"Serif"
               },
               {
                  "value":"Baskerville, 'Baskerville Old Face', 'Hoefler Text', Garamond, 'Times New Roman', serif",
                  "label":"Baskerville",
                  "group":"Serif"
               },
               {
                  "value":"Garamond, Baskerville, 'Baskerville Old Face', 'Hoefler Text', 'Times New Roman', serif",
                  "label":"Garamond",
                  "group":"Serif"
               },
               {
                  "value":"Georgia, 'Hoefler Text', 'Times New Roman', serif",
                  "label":"Georgia",
                  "group":"Serif"
               },
               {
                  "value":"TimesNewRoman, 'Times New Roman', Times, Baskerville, Georgia, serif",
                  "label":"Times New Roman",
                  "group":"Serif"
               },
               {
                  "value":"Google_Arvo_400,400i,700_serif",
                  "label":"Arvo",
                  "group":"Serif | Google Web Fonts"
               },
               {
                  "value":"Google_Crimson+Text_400,400i,700_serif",
                  "label":"Crimson Text",
                  "group":"Serif | Google Web Fonts"
               },
               {
                  "value":"Google_Droid+Serif_400,400i,700_serif",
                  "label":"Droid Serif",
                  "group":"Serif | Google Web Fonts"
               },
               {
                  "value":"Google_Lora_400,400i,700_serif",
                  "label":"Lora",
                  "group":"Serif | Google Web Fonts"
               },
               {
                  "value":"Google_Playfair+Display_400,400i,700,900_serif",
                  "label":"Playfair Display",
                  "group":"Serif | Google Web Fonts"
               },
               {
                  "value":"Google_PT+Serif_400,400i,700_serif",
                  "label":"PT Serif",
                  "group":"Serif | Google Web Fonts"
               },
               {
                  "value":"Google_Vollkorn_400,400i,700_serif",
                  "label":"Vollkorn",
                  "group":"Serif | Google Web Fonts"
               }
            ]
         },
         {
            "type":"header",
            "content":"Heading and Navigation styles"
         },
         {
            "type":"select",
            "id":"type_header_family",
            "label":"Font",
            "options":[
               {
                  "value":"Google_Lobster+Two_400,400i,700,700i_sans",
                  "label":"Lobster Two",
                  "group":"Sans-serif | Google Web Fonts"
               },
               {
                  "value":"Google_Raleway_300,400,500,600,700,800_sans",
                  "label":"Raleway",
                  "group":"Sans-serif | Google Web Fonts"
               },
               {
                  "value":"'Avant Garde', Avantgarde, 'Century Gothic', CenturyGothic, 'AppleGothic', sans-serif",
                  "label":"Avant Garde",
                  "group":"Sans-serif"
               },
               {
                  "value":"'Gill Sans', 'Gill Sans MT', Calibri, sans-serif",
                  "label":"Gill Sans",
                  "group":"Sans-serif"
               },
               {
                  "value":"'HelveticaNeue', 'Helvetica Neue', Helvetica, Arial, sans-serif",
                  "label":"Helvetica Neue",
                  "group":"Sans-serif"
               },
               {
                  "value":"Arial, 'Helvetica Neue', Helvetica, sans-serif",
                  "label":"Arial",
                  "group":"Sans-serif"
               },
               {
                  "value":"Candara, Calibri, Segoe, 'Segoe UI', Optima, Arial, sans-serif",
                  "label":"Candara",
                  "group":"Sans-serif"
               },
               {
                  "value":"Geneva, Tahoma, Verdana, sans-serif",
                  "label":"Geneva",
                  "group":"Sans-serif"
               },
               {
                  "value":"Google_Droid+Sans_400,400i,700_sans",
                  "label":"Droid Sans",
                  "group":"Sans-serif | Google Web Fonts"
               },
               {
                  "value":"Google_Josefin+Sans_400,400i,600,600i,700,700i_sans",
                  "label":"Josefin Sans",
                  "group":"Sans-serif | Google Web Fonts"
               },
               {
                  "value":"Google_Karla_400,700_sans",
                  "label":"Karla",
                  "group":"Sans-serif | Google Web Fonts"
               },
               {
                  "value":"Google_Lato_300,400,700,900_sans",
                  "label":"Lato",
                  "group":"Sans-serif | Google Web Fonts"
               },
               {
                  "value":"Google_Montserrat_400,400i,500,500i,700,700i,900,900i_sans",
                  "label":"Montserrat",
                  "group":"Sans-serif | Google Web Fonts"
               },
               {
                  "value":"Google_Open+Sans_300,300i,400,400i,600,600i,700,700i,800,800i_sans",
                  "label":"Open Sans",
                  "group":"Sans-serif | Google Web Fonts"
               },
               {
                  "value":"Google_PT+Sans_400,400i,700_sans",
                  "label":"PT Sans",
                  "group":"Sans-serif | Google Web Fonts"
               },
               {
                  "value":"Google_Roboto_100,100i,300,300i,400,400i,500,500i,700,700i,900,900i_sans",
                  "label":"Roboto",
                  "group":"Sans-serif | Google Web Fonts"
               },
               {
                  "value":"Google_Rubik_300,400,500,700,900_sans",
                  "label":"Rubik",
                  "group":"Sans-serif | Google Web Fonts"
               },
               {
                  "value":"Google_Ubuntu_400,400i,700_sans",
                  "label":"Ubuntu",
                  "group":"Sans-serif | Google Web Fonts"
               },
               {
                  "value":"'Big Caslon', 'Book Antiqua', 'Palatino Linotype', Georgia, serif",
                  "label":"Big Calson",
                  "group":"Serif"
               },
               {
                  "value":"'Calisto MT', 'Bookman Old Style', Bookman, 'Goudy Old Style', Garamond, 'Hoefler Text', 'Bitstream Charter', Georgia, serif",
                  "label":"Calisto MT",
                  "group":"Serif"
               },
               {
                  "value":"Baskerville, 'Baskerville Old Face', 'Hoefler Text', Garamond, 'Times New Roman', serif",
                  "label":"Baskerville",
                  "group":"Serif"
               },
               {
                  "value":"Garamond, Baskerville, 'Baskerville Old Face', 'Hoefler Text', 'Times New Roman', serif",
                  "label":"Garamond",
                  "group":"Serif"
               },
               {
                  "value":"TimesNewRoman, 'Times New Roman', Times, Baskerville, Georgia, serif",
                  "label":"Times New Roman",
                  "group":"Serif"
               },
               {
                  "value":"Google_Arvo_400_serif",
                  "label":"Arvo",
                  "group":"Serif | Google Web Fonts"
               },
               {
                  "value":"Google_Arvo_700_serif",
                  "label":"Arvo Bold",
                  "group":"Serif | Google Web Fonts"
               },
               {
                  "value":"Google_Crimson+Text_400_serif",
                  "label":"Crimson Text",
                  "group":"Serif | Google Web Fonts"
               },
               {
                  "value":"Google_Crimson+Text_700_serif",
                  "label":"Crimson Text Bold",
                  "group":"Serif | Google Web Fonts"
               },
               {
                  "value":"Google_Droid+Serif_400_serif",
                  "label":"Droid Serif",
                  "group":"Serif | Google Web Fonts"
               },
               {
                  "value":"Google_Droid+Serif_700_serif",
                  "label":"Droid Serif Bold",
                  "group":"Serif | Google Web Fonts"
               },
               {
                  "value":"Google_Lora_400_serif",
                  "label":"Lora",
                  "group":"Serif | Google Web Fonts"
               },
               {
                  "value":"Google_Lora_700_serif",
                  "label":"Lora Bold",
                  "group":"Serif | Google Web Fonts"
               },
               {
                  "value":"Google_PT+Serif_400_serif",
                  "label":"PT Serif",
                  "group":"Serif | Google Web Fonts"
               },
               {
                  "value":"Google_PT+Serif_700_serif",
                  "label":"PT Serif Bold",
                  "group":"Serif | Google Web Fonts"
               },
               {
                  "value":"Google_Vollkorn_400_serif",
                  "label":"Vollkorn",
                  "group":"Serif | Google Web Fonts"
               },
               {
                  "value":"Google_Vollkorn_700_serif",
                  "label":"Vollkorn Bold",
                  "group":"Serif | Google Web Fonts"
               }
            ]
         },
         {
            "type":"header",
            "content":"Alternate styles"
         },
         {
            "type":"select",
            "id":"type_accent_family",
            "label":"Font",
            "options":[
               {
                  "value":"Google_Lobster+Two_400,400i,700,700i_sans",
                  "label":"Lobster Two",
                  "group":"Sans-serif | Google Web Fonts"
               },
               {
                  "value":"Google_Raleway_300,400,500,600,700,800_sans",
                  "label":"Raleway",
                  "group":"Sans-serif | Google Web Fonts"
               },
               {
                  "value":"'Avant Garde', Avantgarde, 'Century Gothic', CenturyGothic, 'AppleGothic', sans-serif",
                  "label":"Avant Garde",
                  "group":"Sans-serif"
               },
               {
                  "value":"'Gill Sans', 'Gill Sans MT', Calibri, sans-serif",
                  "label":"Gill Sans",
                  "group":"Sans-serif"
               },
               {
                  "value":"'HelveticaNeue', 'Helvetica Neue', Helvetica, Arial, sans-serif",
                  "label":"Helvetica Neue",
                  "group":"Sans-serif"
               },
               {
                  "value":"Arial, 'Helvetica Neue', Helvetica, sans-serif",
                  "label":"Arial",
                  "group":"Sans-serif"
               },
               {
                  "value":"Candara, Calibri, Segoe, 'Segoe UI', Optima, Arial, sans-serif",
                  "label":"Candara",
                  "group":"Sans-serif"
               },
               {
                  "value":"Geneva, Tahoma, Verdana, sans-serif",
                  "label":"Geneva",
                  "group":"Sans-serif"
               },
               {
                  "value":"Google_Droid+Sans_400,400i,700_sans",
                  "label":"Droid Sans",
                  "group":"Sans-serif | Google Web Fonts"
               },
               {
                  "value":"Google_Lato_300,400,700,800_sans",
                  "label":"Lato",
                  "group":"Sans-serif | Google Web Fonts"
               },
               {
                  "value":"Google_Montserrat_400,400i,700_sans",
                  "label":"Montserrat",
                  "group":"Sans-serif | Google Web Fonts"
               },
               {
                  "value":"Google_Open+Sans_300,300i,400,400i,600,600i,700,700i,800,800i_sans",
                  "label":"Open Sans",
                  "group":"Sans-serif | Google Web Fonts"
               },
               {
                  "value":"Google_PT+Sans_400,400i,700_sans",
                  "label":"PT Sans",
                  "group":"Sans-serif | Google Web Fonts"
               },
               {
                  "value":"Google_Poppins_300,400,500,600,700_sans",
                  "label":"Poppins",
                  "group":"Sans-serif | Google Web Fonts"
               },
               {
                  "value":"Google_Roboto_100,100i,300,300i,400,400i,500,500i,700,700i,900,900i_sans",
                  "label":"Roboto",
                  "group":"Sans-serif | Google Web Fonts"
               },
               {
                  "value":"Google_Ubuntu_400,400i,700_sans",
                  "label":"Ubuntu",
                  "group":"Sans-serif | Google Web Fonts"
               },
               {
                  "value":"'Big Caslon', 'Book Antiqua', 'Palatino Linotype', Georgia, serif",
                  "label":"Big Calson",
                  "group":"Serif"
               },
               {
                  "value":"'Calisto MT', 'Bookman Old Style', Bookman, 'Goudy Old Style', Garamond, 'Hoefler Text', 'Bitstream Charter', Georgia, serif",
                  "label":"Calisto MT",
                  "group":"Serif"
               },
               {
                  "value":"Baskerville, 'Baskerville Old Face', 'Hoefler Text', Garamond, 'Times New Roman', serif",
                  "label":"Baskerville",
                  "group":"Serif"
               },
               {
                  "value":"Garamond, Baskerville, 'Baskerville Old Face', 'Hoefler Text', 'Times New Roman', serif",
                  "label":"Garamond",
                  "group":"Serif"
               },
               {
                  "value":"TimesNewRoman, 'Times New Roman', Times, Baskerville, Georgia, serif",
                  "label":"Times New Roman",
                  "group":"Serif"
               },
               {
                  "value":"Google_Arvo_400_serif",
                  "label":"Arvo",
                  "group":"Serif | Google Web Fonts"
               },
               {
                  "value":"Google_Arvo_700_serif",
                  "label":"Arvo Bold",
                  "group":"Serif | Google Web Fonts"
               },
               {
                  "value":"Google_Crimson+Text_400_serif",
                  "label":"Crimson Text",
                  "group":"Serif | Google Web Fonts"
               },
               {
                  "value":"Google_Crimson+Text_700_serif",
                  "label":"Crimson Text Bold",
                  "group":"Serif | Google Web Fonts"
               },
               {
                  "value":"Google_Droid+Serif_400_serif",
                  "label":"Droid Serif",
                  "group":"Serif | Google Web Fonts"
               },
               {
                  "value":"Google_Droid+Serif_700_serif",
                  "label":"Droid Serif Bold",
                  "group":"Serif | Google Web Fonts"
               },
               {
                  "value":"Google_Lora_400_serif",
                  "label":"Lora",
                  "group":"Serif | Google Web Fonts"
               },
               {
                  "value":"Google_Lora_700_serif",
                  "label":"Lora Bold",
                  "group":"Serif | Google Web Fonts"
               },
               {
                  "value":"Google_PT+Serif_400_serif",
                  "label":"PT Serif",
                  "group":"Serif | Google Web Fonts"
               },
               {
                  "value":"Google_PT+Serif_700_serif",
                  "label":"PT Serif Bold",
                  "group":"Serif | Google Web Fonts"
               },
               {
                  "value":"Google_Vollkorn_400_serif",
                  "label":"Vollkorn",
                  "group":"Serif | Google Web Fonts"
               },
               {
                  "value":"Google_Vollkorn_700_serif",
                  "label":"Vollkorn Bold",
                  "group":"Serif | Google Web Fonts"
               }
            ]
         }
      ]
   },
   {
      "name":"General Settings",
      "settings":[
         {
            "type":"header",
            "content":"Favicon"
         },
         {
            "type":"checkbox",
            "id":"favicon_enable",
            "label":"Use a custom icon"
         },
         {
            "type":"image",
            "id":"favicon.png",
            "label":"Custom favicon",
            "info":"16 x 16px .png required"
         },
         {
            "type":"text",
            "id":"img_size_product",
            "label":"Image size on product page",
            "default":"800x926",
            "info":"Size given in pixels"
         },
         {
            "type":"text",
            "id":"img_size_grid",
            "label":"Image size on product grid",
            "default":"800x847",
            "info":"Size given in pixels"
         },
         {
            "type":"text",
            "id":"product_new_time",
            "label":"Days to list products as New",
            "default":"7",
            "info":"Used for showing New label"
         },
         {
            "type":"checkbox",
            "id":"product_grid_img_carousel",
            "label":"Slide All images in product grid?",
            "default":true,
            "info":"Used for Product grid carousel enable\/disable"
		 },
		 {
            "type":"checkbox",
            "id":"fixed_search_bar_enable",
            "label":"Fixed Search Bar",
			"default":false,
			"info":"Displayed at the bottom of the page"
         }
      ]
   },
   {
      "name":"Color",
      "settings":[
         {
            "type":"header",
            "content":"Skin Colors"
         },
         {
            "type":"color",
            "id":"color_skin",
            "label":"Color Skin",
            "default":"#98ab3f"
         },
         {
            "type":"header",
            "content":"Header Colors"
         },
         {
            "type":"color",
            "id":"color_top_header",
            "label":"Top Header Background Color",
            "default":"#fff"
         },
         {
            "type":"color",
            "id":"color_top_header_label",
            "label":"Top Header Text Color",
            "default":"#fff"
         },
         {
            "type":"color",
            "id":"color_center_header",
            "label":"Header Background Color",
            "default":"#e8ebef"
         },
         {
            "type":"color",
            "id":"color_menu_links",
            "label":"Color Menu Links",
            "default":"#252525"
         },
         {
            "type":"header",
            "content":"Footer Colors"
         },
         {
            "type":"color",
            "id":"color_footer",
            "label":"Footer Background Color",
            "default":"#f0f0f0"
         },
         {
            "type":"color",
            "id":"color_footer_heading",
            "label":"Footer Headings Color",
            "default":"#222222"
         },
         {
            "type":"color",
            "id":"color_footer_links",
            "label":"Footer Links Color",
            "default":"#666666"
         },
         {
            "type":"color",
            "id":"color_social_links",
            "label":"Social Links Color",
            "default":"#888888"
         },
         {
            "type":"color",
            "id":"color_footer_text",
            "label":"Footer Text Color",
            "default":"#555555"
		 },
		 {
            "type":"header",
            "content":"Other Colors"
		 },
		 {
            "type":"color",
            "id":"color_countdown",
            "label":"Countdown Background Color",
            "default":"transparent"
		 },
		 {
            "type":"color",
            "id":"color_countdown_text",
            "label":"Countdown Text Color",
            "default":"#555555"
		 }
      ]
   },
   {
      "name":"Product page",
      "settings":[
         {
            "type":"checkbox",
            "id":"show_third_tab",
            "label":"Show Extra Tab"
         },
         {
            "type":"text",
            "id":"third_tab_title",
            "label":"Extra Tab Title"
         },
         {
            "type":"textarea",
            "id":"third_tab_text",
            "label":"Third Tab Text",
            "info":"Use basic HTML to format text"
         },
         {
            "type":"checkbox",
            "id":"product_vertical_related",
            "label":"Show related products Vertically?",
            "default":true
         },
         {
            "type":"checkbox",
            "id":"product_quantity_enable",
            "label":"Show quantity selector"
         },
         {
            "type":"checkbox",
            "id":"product_quantity_message",
            "label":"Show remaining quantity message",
            "info":"Shown when less than 10 items are in stock"
         },
         {
            "type":"checkbox",
            "id":"product_vendor_enable",
            "label":"Show product vendor",
            "default":true
         },
         {
            "type":"checkbox",
            "id":"product_show_saved_amount",
            "label":"Show saved amount",
            "default":true
         },
         {
            "type":"checkbox",
            "id":"product_show_compare_at_price",
            "label":"Show compare at price",
            "default":false
         },
         {
            "type":"checkbox",
            "id":"related_products_enable",
            "label":"Show related products"
         },
         {
            "type":"checkbox",
            "id":"product_reviews_enable",
            "label":"Enable product reviews",
            "info":"Install the free Shopify [Product Reviews](https:\/\/apps.shopify.com\/product-reviews) app to add product reviews."
         }
      ]
   },
   {
      "name":"Contact Us Page",
      "settings":[
         {
            "type":"checkbox",
            "id":"show_contact_top_image",
            "label":"Show Top Image?",
            "default":false
         },
         {
            "type":"image",
            "id":"contact_top.jpg",
            "label":"Top image"
         },
         {
            "type":"checkbox",
            "id":"show_map",
            "label":"Show map",
            "default":true
         },
         {
            "type":"textarea",
            "id":"map_code",
            "label":"Map code snippet",
            "info":"Go to google.com\/maps for generating code"
         }
      ]
   },
   {
      "name":"Collection page",
      "settings":[
         {
            "type":"text",
            "id":"product_count_per_page",
            "label":"Number of products to show",
            "default":"12"
         },
         {
            "type":"checkbox",
            "id":"show_collection_top_image",
            "label":"Show Top Image?",
            "default":false
         },
         {
            "type":"image",
            "id":"collection_top.jpg",
            "label":"Top image"
         },
         {
            "type":"checkbox",
            "id":"show_collection_sidebar",
            "label":"Show Sidebar",
            "default":true
         },
         {
            "type":"text",
            "id":"category_count",
            "label":"Categories count on sidebar",
            "default":"5"
         },
         {
            "type":"radio",
            "id":"collection_sidebar_filters",
            "label":"Sidebar product filters",
            "options":[
               {
                  "value":"tags",
                  "label":"By tag"
               },
               {
                  "value":"groups",
                  "label":"By group"
               }
            ],
            "info":"[Learn how to set up filter groups](https:\/\/\/docs.shopify.com\/manual\/more\/official-shopify-themes\/supply#enable-group-filtering)."
         },
         {
            "type":"checkbox",
            "id":"show_collection_side_image",
            "label":"Show Sidebar Image",
            "default":true
         },
         {
            "type":"image",
            "id":"collection_side.jpg",
            "label":"Side image"
         },
         {
            "type":"text",
            "id":"collection_side_link",
            "label":"Side image link"
         },
         {
            "type":"checkbox",
            "id":"show_collection_side_listing",
            "label":"Show Sidebar Listings",
            "default":true
         },
         {
            "type":"text",
            "id":"collection_side_listing_title",
            "label":"Heading"
         },
         {
            "type":"collection",
            "id":"collection_side_listing",
            "label":"Collection to Show"
         }
      ]
   },
   {
      "name":"About Us Page",
      "settings":[
         {
            "type":"checkbox",
            "id":"show_about_top_image",
            "label":"Show Top Image?",
            "default":false
         },
         {
            "type":"image",
            "id":"about_top.jpg",
            "label":"Top image"
         },
         {
            "type":"image",
            "id":"about_story.jpg",
            "label":"Content Image"
         }
      ]
   },
   {
      "name":"Cart page",
      "settings":[
         {
            "type":"checkbox",
            "id":"cart_notes_enable",
            "label":"Enable order notes"
         },
         {
            "type":"checkbox",
            "id":"show_cart_top_image",
            "label":"Show Top Image?",
            "default":false
         },
         {
            "type":"image",
            "id":"cart_top.jpg",
            "label":"Top image"
         },
         {
            "type":"select",
            "id":"ajax_cart_method",
            "label":"Cart type",
            "options":[
               {
                  "value":"page",
                  "label":"Page"
               }
            ],
            "default":"page"
         }
      ]
   },
   {
      "name":"Blog page",
      "settings":[
         {
            "type":"checkbox",
            "id":"show_blog_top_image",
            "label":"Show Top Image?",
            "default":false
         },
         {
            "type":"image",
            "id":"blog_top.jpg",
            "label":"Top image"
         },
         {
            "type":"text",
            "id":"no_articles",
            "label":"No of articles to show",
            "default":"5"
         },
         {
            "type":"checkbox",
            "id":"show_blog_side_listing",
            "label":"Show Sidebar Listings",
            "default":true
         },
         {
            "type":"text",
            "id":"blog_side_listing_title",
            "label":"Heading"
         },
         {
            "type":"collection",
            "id":"blog_side_listing",
            "label":"Collection to Show"
         }
      ]
   },
   {
      "name":"Shipping Rates Calculator",
      "settings":[
         {
            "type":"select",
            "id":"shipping_calculator",
            "label":"Show the shipping calculator?",
            "options":[
               {
                  "value":"Disabled",
                  "label":"No"
               },
               {
                  "value":"Enabled",
                  "label":"Yes"
               }
            ],
            "default":"Enabled"
         },
         {
            "type":"text",
            "id":"shipping_calculator_heading",
            "label":"Heading text",
            "default":"Get shipping estimates"
         },
         {
            "type":"text",
            "id":"shipping_calculator_default_country",
            "label":"Default country selection",
            "default":"United States"
         },
         {
            "type":"paragraph",
            "content":"If your customer is logged-in, the country in his default shipping address will be selected. If you are not sure about the  spelling to use here, refer to the first checkout page."
         },
         {
            "type":"text",
            "id":"shipping_calculator_submit_button_label",
            "label":"Submit button label",
            "default":"Calculate shipping"
         },
         {
            "type":"text",
            "id":"shipping_calculator_submit_button_label_disabled",
            "label":"Submit button label when calculating",
            "default":"Calculating..."
         }
      ]
   },
   {
      "name":"Newsletter Popup",
      "settings":[
         {
            "type":"checkbox",
            "id":"show_pupup",
            "label":"Show Popup",
            "default":true
         },
         {
            "type":"textarea",
            "id":"popup_title",
            "label":"Popup title",
            "default":"newsletter"
         },
         {
            "type":"checkbox",
            "id":"show_pupup_image",
            "label":"Show Popup Background image",
            "default":true
         },
         {
            "type":"image",
            "id":"popup_img.png",
            "label":"Popup image"
         },
         {
            "type":"text",
            "id":"popup_heading",
            "label":"Heading"
         },
         {
            "type":"textarea",
            "id":"popup_description",
            "label":"Description"
         },
         {
            "type":"textarea",
            "id":"popup_btn_text",
            "label":"Subscribe button text"
         },
         {
            "type":"textarea",
            "id":"popup_no_link_text",
            "label":"Not Interested link text"
         }
      ]
   },
   {
      "name":"Social media",
      "settings":[
         {
            "type":"header",
            "content":"Accounts"
         },
         {
            "type":"checkbox",
            "id":"social_sidebar_enable",
            "label":"Show social media Sidebar icons",
            "default":true
         },
         {
            "type":"text",
            "id":"social_twitter_link",
            "label":"Twitter",
            "info":"https:\/\/twitter.com\/shopify"
         },
         {
            "type":"text",
            "id":"social_facebook_link",
            "label":"Facebook",
            "info":"https:\/\/facebook.com\/shopify"
         },
         {
            "type":"text",
            "id":"social_pinterest_link",
            "label":"Pinterest",
            "info":"https:\/\/pinterest.com\/shopify"
         },
         {
            "type":"text",
            "id":"social_google_plus_link",
            "label":"Google+",
            "info":"https:\/\/plus.google.com\/+shopify"
         },
         {
            "type":"text",
            "id":"social_instagram_link",
            "label":"Instagram",
            "info":"https:\/\/instagram.com\/shopify"
         },
         {
            "type":"text",
            "id":"social_tumblr_link",
            "label":"Tumblr",
            "info":"https:\/\/www.tumblr.com"
         },
         {
            "type":"text",
            "id":"social_youtube_link",
            "label":"YouTube",
            "info":"https:\/\/www.youtube.com\/shopify"
         },
         {
            "type":"text",
            "id":"social_vimeo_link",
            "label":"Vimeo",
            "info":"https:\/\/vimeo.com\/shopify"
         },
         {
            "type":"text",
            "id":"social_fancy_link",
            "label":"Fancy",
            "info":"http:\/\/fancy.com\/shopify"
         }
      ]
   },
   {
      "name":"Price format",
      "settings":[
         {
            "type":"checkbox",
            "id":"show_dollar_symbol",
            "label":"Show dollar sign"
         },
         {
            "type":"checkbox",
            "id":"superscript_decimals",
            "label":"Show cents as superscript"
         }
      ]
   },
   {
      "name":"Currency",
      "settings":[
         {
            "type":"paragraph",
            "content":"To offer multiple currencies on your online store, you must first [edit your store's currency formatting](https:\/\/docs.shopify.com\/manual\/using-themes\/troubleshooting\/help-script-find-money-formats)."
         },
         {
            "type":"checkbox",
            "id":"show_multiple_currencies",
            "label":"Enable currency conversion",
            "default":true,
            "info":"Even though prices are displayed in different currencies, orders will still be processed in your store's currency."
         },
         {
            "type":"select",
            "id":"currency_format",
            "label":"Format",
            "options":[
               {
                  "value":"money_format",
                  "label":"Without currency ($10.00)"
               },
               {
                  "value":"money_with_currency_format",
                  "label":"With currency ($10.00 CAD)"
               }
            ],
            "default":"money_format"
         },
         {
            "type":"text",
            "id":"supported_currencies",
            "label":"Supported currencies",
            "default":"INR GBP CAD USD AUD EUR JPY",
            "info":"Use the country's ISO [currency code](http:\/\/www.xe.com\/iso4217.php). Separate your currency codes with a space."
         },
         {
            "type":"text",
            "id":"default_currency",
            "label":"Default currency",
            "default":"USD"
         }
      ]
   }
]